ajayeb,ajmal,amreaj,aood,asgar_ali,bukhoor,burberrry,dehenalaod,junaid,kausar,rose,solidmusk,TeaTreeOil,raspberry,RoseMusk,strawberry,constrected2,carolina_herrera,oudh_ma'alattar,constrected
64558,60502,57040,71083,68209,71046,61096,68132,71590,74631,62999,46014,82394,78999,85056,71999,66805,63076,67197,65151
64556,60489,57040,72087,68209,71046,61096,69137,71575,74649,62999,46014,82382,78999,85056,71999,65808,63072,67197,66151
64543,61485,57040,71091,68216,71046,60093,69137,71574,74650,62999,46014,82383,78999,85056,71999,65808,64072,67204,66151
64543,60487,58041,71095,68216,71046,60092,68137,71560,74650,62999,46014,82372,78999,85056,70999,66805,64068,67210,66151
64541,61485,58041,71099,68223,71046,60093,68137,71560,74650,62999,46014,82382,79999,85056,71999,66805,63065,67204,65146
64543,61513,58041,72103,68223,71046,60093,69142,71559,74632,62999,46015,82372,78999,85056,71999,65785,64065,67204,66151
64543,60515,58041,71099,68223,71046,61096,69142,72573,74632,61999,46015,82416,78999,85056,71999,65785,65064,67210,65146
64541,60500,57042,72099,68223,71046,61096,68137,71559,74632,62999,46015,82440,78999,85056,71999,65785,64061,67210,65146
64541,60500,57042,72099,68230,71046,61096,68137,71559,73633,62999,46015,82428,79999,85056,71999,65785,65061,67210,65146
64541,60487,58043,73098,68230,70046,61096,68137,71559,73650,62999,46015,82416,78999,85056,71999,66782,63062,67210,65146
64541,60500,58043,72094,68230,69046,60092,69142,71559,73650,62999,46015,82382,78999,85056,71999,65765,63062,67204,65146
64541,61526,58043,73094,68230,70046,60092,69142,72588,74667,62999,46015,82372,78999,85056,71999,66763,63062,66198,65146
64541,60528,58043,72091,68230,70046,60092,69142,72588,74667,61999,46015,82383,78999,85056,71999,66760,64065,67197,65146
64528,60528,58043,72091,68230,69046,60092,69142,72587,73650,62999,46015,82394,79999,85056,70999,66760,63058,67197,65146
64528,60528,57042,72091,68223,69046,61092,69142,72573,73633,62999,46015,82405,79999,85056,70999,66760,65061,66198,65146
63529,60500,58041,72095,68223,70048,61092,68142,72572,73617,62999,46015,82394,78999,85056,70999,66739,65061,67203,65146
63529,61483,58041,72095,68223,70048,60089,68142,72571,73617,62999,46015,82382,78999,85056,71999,66722,65058,67203,65146
64541,61485,58041,72095,68223,70048,60089,69142,72557,73617,62999,46015,82383,79999,85056,71999,66722,65057,66198,65146
64541,60472,58041,72095,68230,70049,60089,69142,72557,73617,62999,46015,82383,79999,85056,71999,66722,65055,66198,66145
64541,60472,58041,71095,67224,70049,60089,69142,72556,73585,62999,46015,82383,78999,85056,70999,67736,66054,66204,66145
64541,60461,58041,71095,67217,70049,60089,69142,72556,73584,62999,46015,82394,79999,85056,71999,66719,66054,67211,66145
64541,61470,58041,72103,67217,70048,60092,69142,72557,73600,62999,46015,82394,79999,85056,71999,66719,65055,66204,66145
64541,60487,58041,71103,68223,70049,60089,69142,72556,73601,62999,46015,82394,79999,85056,71999,66701,65055,67217,66145
64541,60487,58041,71103,68223,70048,60089,68137,72542,73601,61999,46015,82394,79999,85056,70999,66701,64055,66211,66145
64528,61485,58041,71103,68223,70046,60089,69137,72542,73585,62999,46015,82383,79999,85056,70999,67717,63052,66212,66145
64528,60487,58041,72103,68223,70046,61088,69137,72556,73585,62999,46015,83382,79999,85056,70999,66701,64052,66211,66145
64528,60472,58041,72103,68223,70048,61088,69137,72556,73585,62999,46015,82372,78999,85056,70999,66698,63052,66211,66145
64528,60472,58041,72098,68230,71048,60089,69136,72556,73585,61999,46015,82361,78999,85056,70999,66698,63052,67218,66150
